image,title,aircraft,simulator,link
https://media.invisioncic.com/c282737/monthly_2026_03/737_80NG-2026-03-0314_13_55.png.60b076b5c5eb17d46258b1af0e580b0e.png,Copa Airlines (Star Alliance) HP-1853CMP,LEVELUP 737-800 NG V2,X-Plane 12,https://forum.thresholdx.net/files/file/4280-80ngv2-copa-airlines-star-alliance-hp-1853cmp-8k/
https://media.invisioncic.com/c282737/monthly_2026_02/a320-2026-02-2514_10_00.png.60f422fceed9ce4a91c2df5d1507f3ee.png,Avianca Colombia N937AV,Toliss A320 Neo,X-Plane 12|X-Plane 11,https://forum.thresholdx.net/files/file/4274-avianca-airbus-a320-neo-toliss-n937av/
https://media.invisioncic.com/c282737/monthly_2026_01/1.png.ef262b93633269161bc986cb5fda981f.png,Copa Airlines (ConnectMiles) HP-1849CMP,LEVELUP 737-800 NG V2,X-Plane 12,https://forum.thresholdx.net/files/file/4191-80ngv2-copa-airlines-connectmilescom-hp-1849cmp-8k/
https://media.invisioncic.com/c282737/monthly_2026_01/ima888ge.png.33dad682d42590941d599069b20c2290.png,Bahamas Air (C6-BFX),LEVELUP 737-700 NG V2,X-Plane 12,https://forum.thresholdx.net/files/file/4179-70ngv2-bahamas-air-c6-bfx-8kzip/
https://media.invisioncic.com/c282737/monthly_2026_01/image4.png.1a3f5b0c260d6d123e6b2799c2d88351.png,Texel Air (ZK-TXE),LEVELUP 737-800 NG V2,X-Plane 12,https://forum.thresholdx.net/files/file/4162-2pack-80ng-4k-texel-air-levelup-737-800bcf-v2/
https://media.invisioncic.com/c282737/monthly_2025_12/2025-12-31_233512.png.c6684959f1f9d6080360dd5dcf743457.png,Copa Airlines (HP-1850CMP),LEVELUP 737-800 NG V2,X-Plane 12,https://forum.thresholdx.net/files/file/4130-80ngv2-copa-airlines-hp-1850cmp-8k/
https://media.invisioncic.com/c282737/monthly_2025_12/737_80NG_-_2025-12-31_07_59_19.png.0dc09902ad26cef707a578a4e4d68a25.png,Royal Air Maroc (CN-RNZ),LEVELUP 737-800 NG V2,X-Plane 12,https://forum.thresholdx.net/files/file/4129-levelup-737-800ng-v2-royal-air-maroc-cn-rnz-8k/
https://media.invisioncic.com/c282737/monthly_2025_10/image7png.png.d1e34ceae280ef689de810c1ba11c0b8.png,ETF Airways (9A-ABC),LEVELUP 737-800 NG V1,X-Plane 12|X-Plane 11,https://forum.thresholdx.net/files/file/4045-levelup-737-800-etf-airways-9a-abc/
https://media.invisioncic.com/c282737/monthly_2025_10/image.png.97a2ff39ba8bf435044854ea1dc5e7b8.png,AeroRepublica (Wingo) (HP-1536CMP),LEVELUP 737-800 NG V1,X-Plane 12|X-Plane 11,https://forum.thresholdx.net/files/file/4042-aerorepublica-wingo-hp-1536cmp-levelup-737-800/
https://media.invisioncic.com/c282737/monthly_2025_10/image3.png.e093974242cd61f8bae71341ee6293b1.png,Qantas (VH-VZW),LEVELUP 737-800 NG V1,X-Plane 12|X-Plane 11,https://forum.thresholdx.net/files/file/4040-levelup-737-800-qantas-vh-vzw-livery-for-x-plane-1112/
https://cdn.flightsim.to/images/27/britten-norman-bn2-islander---green-airways-ti-bgk-livery-963477-1754472091-3s1My.jpg,Costa Rica Green Airways TI-BGK,Britten-Norman BN2 Islander,MSFS2020,https://flightsim.to/addon/96045/britten-norman-bn2-islander-costa-rica-green-airways-ti-bgk-livery
https://media.invisioncic.com/c282737/monthly_2026_01/737_9ENG-2026-01-1315_56_33.png.4fd2729e0d77792c85febfba5bd78fc7.png,Copa Airlines (HP-9926CMP),LEVELUP 737-900ER NG V2,X-Plane 12,https://forum.thresholdx.net/files/file/4178-90ngv2-copa-airlines-hp-9926cmp-8k/
https://media.invisioncic.com/c282737/monthly_2026_01/image5.png.70a6ff6dd20fe8471762a88b2537f789.png, Air New Zealand Link (Air Nelson) ZK-NEA,Dash 8-300,X-Plane 12,https://forum.thresholdx.net/files/file/4160-air-new-zealand-link-air-nelson-zk-nea-dash-8-300/
https://modscontent.paradox-interactive.com/cities_skylines_2/3117c54a-31d3-462c-bf70-53fd09457b1f/content/screenshots/screenshot_1.jpg?class=modsui_gallery_screenshot,Airbus A350-1000 (Airfrance),UTT Airbus A350-1000,CS2,https://mods.paradoxplaza.com/mods/129388/Any
https://modscontent.paradox-interactive.com/cities_skylines_2/503f4a61-8b24-4cfa-a039-7df8d5ad461c/content/screenshots/screenshot_2.jpg?class=modsui_gallery_screenshot,Airbus A350-1000 (Qatar Airways),UTT Airbus A350-1000,CS2,https://mods.paradoxplaza.com/mods/128340/Any
https://modscontent.paradox-interactive.com/cities_skylines_2/f6ef387c-e623-48dc-8cd2-7e26443609ad/content/screenshots/screenshot_1.jpg?class=modsui_gallery_screenshot,Airbus A350-1000 (Iberia),UTT Airbus A350-1000,CS2,https://mods.paradoxplaza.com/mods/128400/Any